Zone_ID,Latitude,Longitude,Avg_Elevation,Min_Elevation,Max_Elevation,Avg_Slope,Max_Slope,Terrain_Risk,Temperature,Humidity,Pressure,Visibility,Wind_Speed,Clouds,Visibility_Risk,Weather_Risk,NDVI,Vegetation_Density,Land_Cover,Vegetation_Risk,Coverage_Pct,Blind_Spots,Max_Gap_Hours,Patrols_Conducted,Night_Shifts,Vehicles_Available,Drones_Deployed,Readiness_Score,Patrol_Risk,Historical_Event_Count,Successful_Detection_Count,Detection_Rate,Average_Response_Time,Night_Event_Count,Historical_Risk,Human_Detection_Count,Vehicle_Detection_Count,Avg_Camera_Confidence,Night_Movement_Count,Camera_Activity_Score,Motion_Score,Infrared_Score,Acoustic_Score,Seismic_Score,Sensor_Activity_Score,Risk_Score,Risk_Level
SGR_ZONE_001,33.066667,74.1,662.64,306,1088,8.5,61.87,0.1133,0.6764,0.3081,0.125,10000.0,0.7935,0.2396,1,0.1944,0.4897,0.5318,Grassland,0.5191,94.3,0.33,8.72,18.67,7.08,2.08,0.0,79.14,0.1886,36,26,0.7222,32.38,36,0.4077,6,2,0.8293,2,0.42,0.0,0.375,0.5147,0.3542,0.2686,30.95,Medium
SGR_ZONE_002,33.066667,74.301389,639.45,328,1119,8.2,61.78,0.1093,0.8987,0.1931,0.0625,10000.0,0.6429,0.2396,1,0.1763,0.5185,0.6465,Grassland,0.5879,76.52,1.83,5.18,31.75,12.25,1.5,0.0,78.69,0.211,42,31,0.7381,32.1,42,0.4349,1,8,0.8452,3,0.3967,0.5939,0.379,0.6278,0.2439,0.4837,47.01,Medium
SGR_ZONE_003,33.066667,74.501389,689.94,323,1149,6.45,63.44,0.086,0.9384,0.0938,0.0625,10000.0,0.2947,0.3125,1,0.2201,0.4645,0.4992,Grassland,0.4995,93.38,0.42,21.37,8.0,3.67,2.33,0.0,70.86,0.3935,44,32,0.7273,35.28,44,0.4606,5,2,0.8546,2,0.37,0.0,0.0,0.2908,0.2483,0.0954,44.19,Medium
SGR_ZONE_004,33.066667,74.701389,674.95,346,1952,9.5,114.2,0.1267,0.9991,0.01,0.0,10000.0,0.2893,0.4479,1,0.2094,0.626,0.727,Dense Brush,0.7762,91.57,0.5,13.27,11.92,5.08,1.83,0.0,69.22,0.2844,41,30,0.7317,31.67,41,0.4301,3,3,0.8414,1,0.2767,0.353,0.0,0.1406,0.2745,0.1928,41.53,Medium
SGR_ZONE_005,33.066667,74.901389,1079.43,341,2614,14.0,90.95,0.1946,1.0,0.02,0.0,10000.0,0.8992,0.5104,1,0.1317,0.4783,0.5533,Grassland,0.532,99.9,0.0,7.94,11.5,4.92,1.75,0.0,72.21,0.1716,41,32,0.7805,31.44,41,0.4122,3,5,0.814,3,0.3967,0.9552,0.4254,0.3973,0.3081,0.5876,46.34,Medium
SGR_ZONE_006,33.066667,75.101389,1558.03,651,2508,13.99,69.81,0.2424,0.8554,0.0425,0.0,10000.0,1.0,0.4896,1,0.1444,0.4947,0.5209,Grassland,0.5125,100.0,0.0,8.07,13.75,5.83,2.5,0.0,82.5,0.1526,39,28,0.7179,34.54,39,0.4332,3,0,0.7752,3,0.23,0.0,0.4097,0.2016,0.4962,0.2377,22.68,Low
SGR_ZONE_007,33.066667,75.301389,1787.39,750,2802,13.29,57.27,0.2559,0.8517,0.1931,0.0625,10000.0,0.6675,0.4479,1,0.214,0.5667,0.5277,Dense Brush,0.6566,81.68,1.42,4.42,28.67,10.83,1.75,0.0,79.86,0.1767,17,12,0.7059,30.25,17,0.2994,3,0,0.823,2,0.2033,0.309,0.8173,0.3619,0.0,0.4257,27.02,Medium
SGR_ZONE_008,33.066667,75.501389,2001.14,736,3593,16.57,51.97,0.321,0.4849,0.2812,0.125,10000.0,0.4328,0.4062,1,0.2878,0.4245,0.4388,Grassland,0.4633,98.67,0.0,9.92,13.83,6.0,1.92,0.0,76.63,0.194,37,26,0.7027,31.54,37,0.4173,3,1,0.8789,2,0.2367,0.1008,0.0695,0.1961,0.0857,0.1082,24.07,Low
SGR_ZONE_009,33.066667,75.701389,1954.82,846,3042,14.08,78.11,0.2832,0.2739,0.4475,0.1875,10000.0,0.3409,0.3021,1,0.3448,0.4961,0.5614,Grassland,0.5368,75.97,1.92,4.66,29.5,11.08,1.92,0.0,78.97,0.206,13,9,0.6923,26.22,13,0.2682,1,3,0.8067,3,0.23,0.0,0.5262,0.0,0.2893,0.2013,17.29,Low
SGR_ZONE_010,33.066667,75.901389,2248.28,1124,3370,18.86,82.98,0.3763,0.3684,0.5513,0.1875,10000.0,0.575,0.1771,1,0.2932,0.5185,0.4998,Grassland,0.4999,91.47,0.42,7.38,20.33,7.75,2.17,0.0,80.67,0.1738,33,26,0.7879,30.23,33,0.3606,4,4,0.8545,5,0.4667,0.5337,0.4857,0.257,0.0,0.3839,44.93,Medium
SGR_ZONE_011,33.201389,74.1,812.52,487,1329,7.1,30.7,0.0947,0.4901,0.5894,0.25,10000.0,0.6891,0.1042,1,0.2751,0.7218,0.7827,Forest,0.8096,85.6,1.0,1.78,29.42,11.17,2.17,0.0,87.01,0.1057,45,38,0.8444,32.24,45,0.415,2,2,0.8697,3,0.2467,0.1837,0.4189,0.0,0.0,0.19,22.38,Low
SGR_ZONE_012,33.201389,74.301389,796.16,507,1376,7.22,28.38,0.0963,0.6642,0.6306,0.25,10000.0,0.7695,0.1146,1,0.26,0.6227,0.6138,Dense Brush,0.7083,88.29,0.67,4.72,31.33,12.0,2.0,0.0,89.28,0.1303,38,29,0.7632,33.69,38,0.4089,8,3,0.8437,7,0.6867,0.3531,0.4812,0.4075,0.0,0.3494,49.86,Medium
SGR_ZONE_013,33.201389,74.501389,926.14,548,1479,9.5,41.38,0.1267,0.3826,0.6875,0.3125,10000.0,0.7725,0.3021,1,0.3182,0.5858,0.6499,Dense Brush,0.7299,99.61,0.0,7.02,17.0,6.92,1.5,0.0,75.59,0.152,22,18,0.8182,27.89,22,0.2803,3,2,0.8531,4,0.3233,0.1968,0.3377,0.1556,0.3351,0.2516,20.06,Low
SGR_ZONE_014,33.201389,74.701389,1273.48,410,2222,16.22,103.36,0.2436,0.4185,0.7288,0.375,10000.0,0.8782,0.375,1,0.3224,0.5485,0.6221,Grassland,0.5733,96.86,0.08,4.07,25.17,9.67,1.92,0.0,86.74,0.0942,29,22,0.7586,35.23,29,0.365,7,7,0.855,5,0.7167,0.7006,0.0,0.1299,0.2591,0.3101,44.22,Medium
SGR_ZONE_015,33.201389,74.901389,1372.25,396,2982,16.63,88.08,0.259,0.2249,0.8169,0.4375,10000.0,0.9922,0.4688,1,0.3469,0.6029,0.6486,Dense Brush,0.7291,90.74,0.42,4.12,19.5,7.5,1.33,0.0,71.3,0.1465,26,23,0.8846,28.61,26,0.282,6,3,0.8129,5,0.5333,0.1895,0.4947,0.473,0.9054,0.4451,45.39,Medium
SGR_ZONE_016,33.201389,75.101389,1377.31,503,2726,16.33,61.52,0.2555,0.352,0.8394,0.4375,10000.0,0.9448,0.4479,1,0.3436,0.6122,0.7661,Dense Brush,0.7996,82.85,1.08,6.84,18.25,7.08,1.67,0.0,68.88,0.2234,36,28,0.7778,33.0,36,0.3903,4,5,0.8155,2,0.42,0.2284,0.3136,0.3754,0.1952,0.2784,52.04,High
SGR_ZONE_017,33.201389,75.301389,1675.72,654,3295,16.8,82.22,0.2916,0.296,0.9119,0.5,10000.0,0.8739,0.4271,1,0.3757,0.6678,0.6817,Dense Brush,0.749,78.77,1.58,2.73,21.25,8.33,1.92,0.0,72.5,0.1768,34,27,0.7941,34.15,34,0.3771,5,5,0.8569,5,0.55,0.32,0.3058,0.3078,0.1834,0.2928,53.72,High
SGR_ZONE_018,33.201389,75.501389,2121.59,782,3601,16.53,48.58,0.3325,0.2454,0.9688,0.5,10000.0,0.8157,0.3958,1,0.4007,0.7423,0.7554,Forest,0.7933,89.42,0.58,3.82,31.33,11.92,1.75,0.0,86.98,0.1176,48,34,0.7083,32.18,48,0.4793,6,1,0.8539,2,0.3867,0.3589,0.4491,0.1945,0.6502,0.3968,58.78,High
SGR_ZONE_019,33.201389,75.701389,2030.65,861,3464,17.03,61.01,0.3302,0.333,1.0,0.5625,10000.0,0.6171,0.5,1,0.4366,0.6997,0.6717,Dense Brush,0.743,88.5,0.67,5.98,20.08,7.92,1.67,0.0,74.48,0.1778,18,14,0.7778,32.36,18,0.2869,5,3,0.8338,6,0.51,0.1881,0.3901,0.0,0.0,0.1829,40.4,Medium
SGR_ZONE_020,33.201389,75.901389,2699.25,938,4611,19.71,74.73,0.4327,0.3503,1.0,0.5625,10000.0,0.6345,0.5833,1,0.4513,0.5823,0.6503,Dense Brush,0.7302,100.0,0.0,10.54,11.58,5.0,1.83,0.0,73.33,0.2071,25,21,0.84,28.29,25,0.2909,4,5,0.8796,6,0.5267,0.0777,0.6183,0.0679,0.0855,0.2391,51.2,High
SGR_ZONE_021,33.334722,74.1,1005.28,644,1676,8.09,38.28,0.1084,0.3057,0.9644,0.5625,10000.0,0.7065,0.7396,1,0.4718,0.7521,0.8358,Forest,0.8415,79.62,1.67,3.15,19.5,7.67,2.17,0.0,73.17,0.182,50,37,0.74,34.16,50,0.4861,3,2,0.8369,3,0.2967,0.2493,0.7171,0.4635,0.2073,0.4262,57.39,High
SGR_ZONE_022,33.334722,74.301389,1014.17,725,1673,8.04,32.5,0.1086,0.2111,0.9587,0.625,10000.0,0.7473,0.7917,1,0.4588,0.6871,0.7408,Dense Brush,0.7845,88.87,0.75,4.94,23.83,9.33,1.92,0.0,81.22,0.1506,40,28,0.7,36.86,40,0.4529,4,2,0.8999,3,0.3467,0.0,0.2,0.4636,0.165,0.1775,39.01,Medium
SGR_ZONE_023,33.334722,74.501389,1497.69,830,2803,12.99,59.53,0.223,0.2206,0.9219,0.6875,10000.0,0.7731,0.7917,1,0.4511,0.5804,0.6024,Dense Brush,0.7014,78.73,1.67,4.69,29.5,11.25,2.0,0.0,81.91,0.1888,7,5,0.7143,38.8,7,0.2687,2,3,0.768,2,0.2533,0.4736,0.225,0.4326,0.2238,0.3533,30.17,Medium
SGR_ZONE_024,33.334722,74.701389,1752.65,860,2603,14.84,78.36,0.2731,0.3591,0.8694,0.8125,10000.0,0.6981,0.6875,1,0.4269,0.663,0.7821,Dense Brush,0.8093,89.4,0.67,4.28,23.58,9.25,1.75,0.0,79.68,0.141,52,36,0.6923,33.03,52,0.5103,1,2,0.9217,3,0.1967,0.4584,0.227,0.097,0.382,0.3052,49.15,Medium
SGR_ZONE_025,33.334722,74.901389,1978.21,608,3659,18.32,114.06,0.3421,0.085,0.77,0.9375,10000.0,0.3608,0.5417,1,0.4541,0.7274,0.712,Forest,0.7672,93.58,0.33,6.5,14.17,6.25,1.92,0.0,74.67,0.1666,59,45,0.7627,33.04,59,0.5251,3,2,0.8175,0,0.2167,0.0517,0.2401,0.4695,0.1115,0.2007,50.9,High
SGR_ZONE_026,33.334722,75.101389,2288.05,686,4231,19.89,69.52,0.394,0.3297,0.6675,1.0,10000.0,0.2521,0.4583,1,0.4275,0.7248,0.778,Forest,0.8068,91.8,0.42,5.16,23.42,9.33,1.83,0.0,82.22,0.1376,18,12,0.6667,27.42,18,0.3093,3,2,0.8555,4,0.3233,0.2463,0.5121,0.0758,0.2842,0.2976,39.59,Medium
SGR_ZONE_027,33.334722,75.301389,2480.67,1187,4053,17.79,59.79,0.3852,0.5594,0.6306,1.0,10000.0,0.3031,0.4688,1,0.3955,0.6426,0.7374,Dense Brush,0.7824,99.97,0.0,7.5,13.33,5.75,2.25,0.0,79.74,0.15,29,19,0.6552,35.95,29,0.4036,5,1,0.8814,3,0.3633,0.0,0.1144,0.6709,0.2066,0.1995,45.25,Medium
SGR_ZONE_028,33.334722,75.501389,3021.66,1915,4133,16.89,64.9,0.4274,0.5361,0.625,1.0,10000.0,0.2809,0.5208,1,0.3989,0.7759,0.9001,Forest,0.8801,87.17,0.75,2.06,26.0,10.08,2.25,0.0,86.12,0.1022,48,36,0.75,34.78,48,0.4734,3,2,0.8515,4,0.3233,0.1229,0.2409,0.0,0.1388,0.1361,47.43,Medium
SGR_ZONE_029,33.334722,75.701389,2108.78,1038,3711,17.0,89.51,0.3376,0.0,0.6194,0.75,10000.0,0.3655,0.6875,1,0.4602,0.622,0.6687,Dense Brush,0.7412,81.93,1.33,10.03,12.5,5.33,1.67,0.0,62.76,0.2901,32,20,0.625,28.4,32,0.4059,4,1,0.8259,2,0.2867,0.3044,0.4092,0.3711,0.7097,0.41,64.12,High
SGR_ZONE_030,33.334722,75.901389,2655.8,1252,4272,21.72,69.46,0.4551,0.0991,0.6138,0.5625,10000.0,0.4418,0.8437,1,0.4596,0.7103,0.8301,Forest,0.838,96.57,0.25,9.98,6.92,3.33,2.17,0.0,69.79,0.2191,48,32,0.6667,32.0,48,0.4933,8,1,0.8765,3,0.5133,0.3932,0.3162,0.0,0.0,0.2325,76.08,Critical
SGR_ZONE_031,33.468056,74.1,1267.97,636,2028,11.68,69.67,0.1826,0.2562,0.5425,0.375,10000.0,0.3776,0.9687,1,0.4591,0.639,0.6936,Dense Brush,0.7562,82.96,1.17,2.47,23.33,9.25,1.58,0.0,74.44,0.1503,19,13,0.6842,38.46,19,0.3456,3,2,0.8057,3,0.2967,0.5896,0.2904,0.3548,0.6081,0.4557,41.59,Medium
SGR_ZONE_032,33.468056,74.301389,1409.15,955,2308,10.67,38.85,0.1832,0.1996,0.5212,0.25,10000.0,0.3697,1.0,1,0.4708,0.5814,0.5797,Dense Brush,0.6878,81.23,1.33,7.03,23.58,9.25,2.08,0.0,78.42,0.2166,41,33,0.8049,29.21,41,0.3963,1,3,0.865,3,0.23,0.8958,0.6294,0.1198,0.0,0.5263,51.24,High
SGR_ZONE_033,33.468056,74.501389,2687.4,1138,4305,14.95,79.7,0.3681,0.2175,0.5156,0.25,10000.0,0.425,0.9583,1,0.4579,0.7265,0.8669,Forest,0.8602,94.27,0.25,5.49,23.33,9.17,1.75,0.0,82.22,0.1334,34,26,0.7647,27.77,34,0.3662,2,4,0.862,3,0.3133,0.0,0.0,0.5275,0.1678,0.1307,37.64,Medium
SGR_ZONE_034,33.468056,74.701389,3191.59,1393,4625,16.93,111.36,0.4449,0.5735,0.4944,0.25,10000.0,0.4238,0.8542,1,0.3936,0.6464,0.7612,Dense Brush,0.7967,94.71,0.25,3.19,26.25,10.08,2.08,0.0,87.96,0.0875,42,33,0.7857,34.3,42,0.4256,1,5,0.8296,4,0.3233,0.3184,0.367,0.3744,0.3952,0.3557,49.77,Medium
SGR_ZONE_035,33.468056,74.901389,3238.09,1411,4546,15.9,83.9,0.4359,0.5373,0.4888,0.3125,10000.0,0.5042,0.8021,1,0.3807,0.6708,0.7056,Dense Brush,0.7634,73.8,2.08,5.42,29.5,11.25,2.25,0.0,81.58,0.2203,24,18,0.75,25.22,24,0.3066,6,1,0.8565,1,0.36,0.4383,0.0,0.4428,0.5582,0.3257,49.64,Medium
SGR_ZONE_036,33.468056,75.101389,2779.25,1559,4469,15.69,73.78,0.3871,0.1542,0.3862,0.3125,10000.0,0.53,0.7292,1,0.3842,0.6597,0.8026,Dense Brush,0.8215,93.09,0.25,6.85,23.92,9.42,2.33,0.0,88.32,0.1433,44,34,0.7727,31.35,44,0.4316,6,2,0.845,3,0.4467,0.3077,0.3858,0.5706,0.4133,0.3995,62.41,High
SGR_ZONE_037,33.468056,75.301389,2578.73,1571,3737,16.45,45.3,0.3772,0.2045,0.3181,0.3125,10000.0,0.3187,0.6771,1,0.3804,0.616,0.7558,Dense Brush,0.7935,93.34,0.42,11.93,13.33,5.67,1.92,0.0,72.67,0.2524,38,33,0.8684,31.85,38,0.366,3,3,0.7745,3,0.33,0.7796,0.2202,0.3892,0.5261,0.4957,64.23,High
SGR_ZONE_038,33.468056,75.501389,2965.81,1506,4336,17.79,53.45,0.4338,0.0584,0.25,0.375,10000.0,0.4958,0.5937,1,0.3469,0.3966,0.4774,Grassland,0.4864,92.08,0.33,4.93,34.0,12.92,2.42,0.0,95.58,0.105,34,29,0.8529,34.21,34,0.3567,4,1,0.7903,3,0.3133,0.3528,0.3538,0.2808,0.522,0.3641,32.39,Medium
SGR_ZONE_039,33.468056,75.701389,2537.15,1184,4039,20.51,115.16,0.4272,0.085,0.2444,0.375,10000.0,0.7779,0.4479,1,0.2834,0.5998,0.6449,Dense Brush,0.7269,86.57,0.92,12.58,13.33,5.67,2.0,0.0,69.8,0.2937,41,26,0.6341,37.54,41,0.4838,4,3,0.8052,6,0.46,0.0,0.5059,0.4308,0.0,0.2379,70.88,High
SGR_ZONE_040,33.468056,75.901389,3150.12,1553,5241,21.49,65.8,0.5016,0.1765,0.3013,0.375,10000.0,0.8439,0.2708,1,0.2401,0.5862,0.5455,Dense Brush,0.6673,84.6,1.17,1.89,35.5,13.42,1.83,0.0,88.61,0.1103,48,38,0.7917,28.47,48,0.4378,0,4,0.8734,2,0.1867,0.4055,0.0,0.4406,0.0,0.23,34.33,Medium
SGR_ZONE_041,33.601389,74.1,1179.42,754,1969,9.95,50.78,0.1506,0.2408,0.3237,0.375,10000.0,0.8193,0.1042,1,0.2314,0.5467,0.6193,Grassland,0.5716,80.46,1.42,1.97,33.08,12.75,2.33,0.0,90.8,0.1217,18,13,0.7222,35.69,18,0.3174,3,1,0.8436,4,0.29,0.0,0.0,0.499,0.0,0.0998,5.0,Low
SGR_ZONE_042,33.601389,74.301389,1759.78,1030,2966,12.91,82.12,0.2481,0.2922,0.4119,0.375,10000.0,0.6855,0.0,1,0.2528,0.6675,0.7083,Dense Brush,0.765,99.48,0.0,3.99,13.42,5.83,1.58,0.0,73.12,0.113,31,25,0.8065,37.44,31,0.3669,4,1,0.8072,5,0.3667,0.1369,0.339,0.3663,0.39,0.2814,32.71,Medium
SGR_ZONE_043,33.601389,74.501389,3254.64,1714,4473,16.38,82.46,0.4438,0.215,0.4375,0.375,10000.0,0.5582,0.0104,1,0.2633,0.4691,0.4909,Grassland,0.4945,87.02,0.92,5.67,17.0,7.08,1.83,0.0,72.55,0.1864,49,36,0.7347,33.19,49,0.4791,2,3,0.8647,2,0.2533,0.0337,0.2949,0.3281,0.0,0.1659,38.35,Medium
SGR_ZONE_044,33.601389,74.701389,3303.7,2154,4551,13.67,55.32,0.4127,0.2203,0.4319,0.375,10000.0,0.563,0.1667,1,0.2889,0.5911,0.6666,Dense Brush,0.74,99.62,0.0,8.42,12.33,5.42,1.75,0.0,73.59,0.1763,30,21,0.7,33.05,30,0.3839,0,0,0.7816,0,0.0,0.7987,0.0,0.3479,0.0,0.3491,32.4,Medium
SGR_ZONE_045,33.601389,74.901389,2290.36,1745,3901,6.82,45.3,0.22,0.0,0.4106,0.375,10000.0,0.6224,0.3229,1,0.327,0.4593,0.5309,Grassland,0.5185,85.49,0.92,6.07,25.25,9.5,2.0,0.0,80.87,0.1787,8,7,0.875,27.57,8,0.1807,1,3,0.799,4,0.2567,0.4551,0.415,0.3421,0.2983,0.3969,13.38,Low
SGR_ZONE_046,33.601389,75.101389,1911.72,1616,3360,6.38,33.05,0.1762,0.1529,0.3237,0.3125,10000.0,0.5792,0.4479,1,0.3193,0.493,0.5908,Grassland,0.5545,93.9,0.5,12.85,10.25,4.5,1.75,0.0,67.58,0.2769,49,34,0.6939,29.26,49,0.4803,1,1,0.8245,3,0.1633,0.3399,0.4456,0.9504,0.0,0.4427,49.45,Medium
SGR_ZONE_047,33.601389,75.301389,2100.69,1676,3096,9.03,38.2,0.2305,0.2863,0.3181,0.3125,10000.0,0.5,0.4062,1,0.3149,0.4125,0.4374,Grassland,0.4625,88.15,0.75,2.98,23.58,9.25,2.25,0.0,84.0,0.118,48,38,0.7917,30.16,48,0.4434,5,4,0.8776,4,0.49,0.1625,0.0847,0.4971,0.8129,0.3036,38.29,Medium
SGR_ZONE_048,33.601389,75.501389,3334.56,2184,4408,15.4,52.32,0.4388,0.3757,0.3281,0.375,10000.0,0.2695,0.2708,1,0.3268,0.4207,0.3896,Grassland,0.4338,83.61,1.25,4.58,24.58,9.33,1.83,0.0,77.28,0.1763,32,27,0.8438,28.15,32,0.3285,3,3,0.8054,1,0.2767,0.537,0.1201,0.5644,0.3716,0.3926,34.12,Medium
SGR_ZONE_049,33.601389,75.701389,3211.08,1937,4442,17.03,61.0,0.4482,0.4203,0.3225,0.375,10000.0,0.0,0.2083,1,0.3477,0.4591,0.5181,Grassland,0.5108,78.19,1.58,2.98,31.25,11.92,2.0,0.0,83.87,0.1589,20,14,0.7,34.64,20,0.333,3,4,0.838,3,0.3633,0.3659,0.419,0.8731,0.5224,0.5067,46.24,Medium
SGR_ZONE_050,33.601389,75.901389,3820.3,1937,5659,20.97,94.09,0.5617,0.1791,0.3481,0.3125,10000.0,0.1597,0.3125,1,0.3546,0.4192,0.4494,Grassland,0.4696,86.08,0.92,7.4,18.25,7.33,1.83,0.0,72.92,0.2128,38,28,0.7368,35.43,38,0.424,3,2,0.8744,4,0.3233,0.5291,0.0,0.2674,0.1228,0.2571,49.47,Medium
SGR_ZONE_051,33.734722,74.1,1308.44,835,2254,11.88,46.62,0.1892,0.6964,0.3081,0.125,10000.0,0.8535,0.2396,1,0.1944,0.2891,0.297,Alpine Scrub,0.3782,96.47,0.08,8.72,19.42,7.33,1.92,0.0,79.58,0.1771,53,37,0.6981,29.68,53,0.5027,3,1,0.8498,1,0.21,0.3067,0.5151,0.3884,0.3116,0.3863,32.75,Medium
SGR_ZONE_052,33.734722,74.301389,2145.63,1139,3791,16.6,109.91,0.3359,0.9187,0.1931,0.0625,10000.0,0.6129,0.2396,1,0.1763,0.3587,0.3545,Grassland,0.4127,86.97,0.75,6.09,15.58,6.5,2.25,0.0,75.28,0.1831,46,28,0.6087,34.36,46,0.5102,4,1,0.8704,0,0.2333,0.431,0.6115,0.2281,0.5232,0.4584,45.27,Medium
SGR_ZONE_053,33.734722,74.501389,3714.11,2049,4670,14.45,123.29,0.4641,0.9584,0.0938,0.0625,10000.0,0.2647,0.3125,1,0.2201,0.3573,0.4132,Grassland,0.4479,79.21,1.42,6.31,23.42,9.17,2.17,0.0,78.02,0.213,47,37,0.7872,32.32,47,0.4466,3,2,0.8935,4,0.3233,0.0,0.29,0.1417,0.2515,0.1531,38.71,Medium
SGR_ZONE_054,33.734722,74.701389,2614.9,1970,4231,6.95,39.51,0.2541,1.0,0.01,0.0,10000.0,0.3493,0.4479,1,0.2094,0.5054,0.5647,Grassland,0.5388,75.66,2.0,1.75,32.58,12.5,1.75,0.0,81.27,0.1617,43,29,0.6744,30.59,43,0.4578,8,3,0.8185,8,0.7133,0.4696,0.0,0.6186,0.2436,0.3246,56.97,High
SGR_ZONE_055,33.734722,74.901389,1873.41,1601,2262,2.15,20.3,0.116,1.0,0.02,0.0,10000.0,0.8692,0.5104,1,0.1317,0.36,0.3922,Grassland,0.4353,100.0,0.0,7.97,15.58,6.58,1.58,0.0,75.58,0.165,21,18,0.8571,26.28,21,0.2557,4,1,0.9193,4,0.34,0.311,0.347,0.3238,0.0,0.2777,5.89,Low
SGR_ZONE_056,33.734722,75.101389,1622.62,1588,1745,1.39,18.17,0.0808,0.8754,0.0425,0.0,10000.0,1.0,0.4896,1,0.1444,0.1712,0.187,Alpine Scrub,0.3122,83.57,1.08,1.77,31.33,12.0,2.0,0.0,86.69,0.1123,31,23,0.7419,33.61,31,0.3767,3,2,0.8069,5,0.35,0.6938,0.0528,0.3156,0.2036,0.3523,11.45,Low
SGR_ZONE_057,33.734722,75.301389,2037.06,1625,3337,8.65,54.65,0.219,0.7317,0.1931,0.0625,10000.0,0.7275,0.4479,1,0.214,0.3154,0.4701,Alpine Scrub,0.482,81.17,1.42,10.46,13.58,5.67,2.0,0.0,66.62,0.2923,25,18,0.72,28.28,25,0.3329,3,1,0.8247,5,0.3167,0.0518,0.3467,0.0,0.2125,0.154,26.44,Medium
SGR_ZONE_058,33.734722,75.501389,3435.93,2293,4383,16.78,53.65,0.4673,0.5049,0.2812,0.125,10000.0,0.4028,0.4062,1,0.2878,0.2816,0.3249,Alpine Scrub,0.3949,99.91,0.0,20.01,8.58,3.75,2.17,0.0,72.88,0.3462,42,35,0.8333,35.06,42,0.4114,8,0,0.8159,6,0.56,0.3889,0.1653,0.2223,0.3626,0.2846,66.39,High
SGR_ZONE_059,33.734722,75.701389,3426.94,2154,4739,19.42,83.75,0.5016,0.2939,0.4475,0.1875,10000.0,0.3109,0.3021,1,0.3448,0.2814,0.2511,Alpine Scrub,0.3507,95.12,0.33,9.22,11.5,5.0,2.0,0.0,72.38,0.2079,21,18,0.8571,36.44,21,0.2896,5,4,0.8088,7,0.57,0.2338,0.9096,0.0,0.2295,0.3891,47.69,Medium
SGR_ZONE_060,33.734722,75.901389,3964.08,2397,5459,18.66,72.06,0.5452,0.3884,0.5513,0.1875,10000.0,0.635,0.1771,1,0.2932,0.3635,0.4375,Grassland,0.4625,89.36,0.5,3.39,35.08,13.33,2.25,0.0,94.48,0.0943,26,25,0.9615,35.68,26,0.2786,1,3,0.8383,2,0.2033,0.0,0.3865,0.3426,0.0,0.1845,11.67,Low
SGR_ZONE_061,33.868056,74.1,1825.05,1042,2997,14.61,71.55,0.2773,0.5101,0.5894,0.25,10000.0,0.6591,0.1042,1,0.2751,0.3241,0.311,Alpine Scrub,0.3866,82.72,1.17,3.7,18.5,7.25,2.08,0.0,73.33,0.171,36,28,0.7778,29.82,36,0.3797,6,4,0.8539,3,0.5133,0.2148,0.1815,0.5326,0.2868,0.2792,35.44,Medium
SGR_ZONE_062,33.868056,74.301389,2597.89,1397,4307,17.38,107.11,0.3915,0.6842,0.6306,0.25,10000.0,0.7395,0.1146,1,0.26,0.3626,0.3287,Grassland,0.3972,98.23,0.0,6.38,15.83,6.83,1.83,0.0,78.14,0.1403,21,17,0.8095,34.88,21,0.3011,2,3,0.8752,2,0.2533,0.2508,0.2626,0.2657,0.5771,0.3063,17.74,Low
SGR_ZONE_063,33.868056,74.501389,3389.82,2045,4561,9.15,56.68,0.361,0.4026,0.6875,0.3125,10000.0,0.8325,0.3021,1,0.3182,0.2877,0.426,Alpine Scrub,0.4556,99.77,0.0,11.6,9.5,4.33,2.08,0.0,73.74,0.2221,38,30,0.7895,39.93,38,0.4205,6,3,0.8488,8,0.6133,0.2321,0.2366,0.1047,0.3201,0.2212,53.26,High
SGR_ZONE_064,33.868056,74.701389,2129.13,1638,2863,5.89,51.3,0.1915,0.2985,0.7288,0.375,10000.0,0.8482,0.375,1,0.3224,0.1529,0.1398,Alpine Scrub,0.2839,88.75,0.67,11.8,12.92,5.5,2.17,0.0,72.33,0.2666,24,19,0.7917,36.26,24,0.3288,2,4,0.7951,2,0.2867,0.2525,0.5316,0.3769,0.012,0.325,25.21,Medium
SGR_ZONE_065,33.868056,74.901389,1676.69,1584,1998,1.82,19.01,0.0919,0.2449,0.8169,0.4375,10000.0,0.9622,0.4688,1,0.3469,0.2324,0.2305,Alpine Scrub,0.3383,100.0,0.0,6.67,9.92,4.42,1.67,0.0,69.92,0.1574,20,15,0.75,26.0,20,0.2867,5,6,0.8424,6,0.61,0.2024,0.0,0.8331,0.0,0.2375,20.48,Low
SGR_ZONE_066,33.868056,75.101389,1775.65,1585,2922,5.52,54.33,0.1512,0.372,0.8394,0.4375,10000.0,1.0,0.4479,1,0.3436,0.0937,0.1065,Barren Rocky,0.1439,89.34,0.67,8.85,17.75,7.0,2.25,0.0,77.91,0.2112,47,35,0.7447,37.29,47,0.478,0,5,0.8396,3,0.2467,0.4608,0.5287,0.41,0.0,0.4019,30.36,Medium
SGR_ZONE_067,33.868056,75.301389,2466.84,1667,4425,12.22,62.43,0.3096,0.316,0.9119,0.5,10000.0,0.8439,0.4271,1,0.3757,0.1271,0.1635,Barren Rocky,0.1781,92.33,0.5,10.46,15.25,6.33,2.08,0.0,75.78,0.2288,29,20,0.6897,33.95,29,0.3849,5,1,0.8958,3,0.3633,0.5228,0.6345,0.3758,0.3393,0.4994,41.65,Medium
SGR_ZONE_068,33.868056,75.501389,3550.61,2462,4531,17.16,66.24,0.4838,0.2654,0.9688,0.5,10000.0,0.7857,0.3958,1,0.4007,0.134,0.2248,Barren Rocky,0.2149,82.65,1.25,2.77,30.25,11.42,2.08,0.0,85.64,0.1351,25,20,0.8,31.55,25,0.3158,6,4,0.8105,5,0.5667,0.4212,0.3245,0.1689,0.3154,0.3259,35.85,Medium
SGR_ZONE_069,33.868056,75.701389,4038.0,3087,5087,17.55,62.6,0.5379,0.353,1.0,0.5625,10000.0,0.6771,0.5,1,0.4366,0.1413,0.1394,Barren Rocky,0.1636,78.67,1.75,2.75,30.58,11.67,1.92,0.0,82.13,0.1623,22,17,0.7727,34.88,22,0.3196,4,1,0.8298,4,0.34,0.4698,0.6166,0.2481,0.5496,0.4815,36.65,Medium
SGR_ZONE_070,33.868056,75.901389,4319.43,3052,5380,16.03,84.2,0.5457,0.3703,1.0,0.5625,10000.0,0.6045,0.5833,1,0.4513,0.2667,0.2318,Alpine Scrub,0.3391,95.3,0.33,8.41,9.58,4.17,1.67,0.0,66.62,0.2071,45,34,0.7556,27.62,45,0.4307,3,3,0.8134,6,0.41,0.2671,0.4796,0.4698,0.4985,0.4061,58.4,High
SGR_ZONE_071,34.001389,74.1,2477.88,1362,3655,16.89,95.27,0.3729,0.1857,0.9644,0.5625,10000.0,0.6765,0.7396,1,0.4718,0.2185,0.3057,Alpine Scrub,0.3834,83.06,1.0,5.52,29.92,11.42,2.0,0.0,85.3,0.1687,40,33,0.825,26.52,40,0.3746,3,2,0.8917,4,0.3233,0.2787,0.5799,0.1671,0.0,0.3049,35.12,Medium
SGR_ZONE_072,34.001389,74.301389,3193.94,1905,4297,14.8,61.49,0.4167,0.2311,0.9587,0.625,10000.0,0.8073,0.7917,1,0.4588,0.0715,0.0878,Barren Rocky,0.1327,84.71,1.17,3.3,17.0,6.92,1.92,0.0,71.48,0.1649,44,39,0.8864,33.92,44,0.4003,5,5,0.8618,3,0.4967,0.0465,0.0,0.3483,0.6125,0.1778,32.33,Medium
SGR_ZONE_073,34.001389,74.501389,2415.32,1607,4154,7.83,41.11,0.246,0.2406,0.9219,0.6875,10000.0,0.7431,0.7917,1,0.4511,0.2217,0.283,Alpine Scrub,0.3698,80.17,1.42,5.79,22.75,8.83,2.25,0.0,78.24,0.203,31,24,0.7742,29.79,31,0.3527,3,3,0.7935,3,0.33,0.2959,0.0,0.1462,0.1976,0.1624,23.7,Low
SGR_ZONE_074,34.001389,74.701389,1733.64,1578,2153,2.72,19.53,0.1096,0.3791,0.8694,0.8125,10000.0,0.6681,0.6875,1,0.4269,0.104,0.0484,Barren Rocky,0.109,90.82,0.42,4.41,23.5,9.25,1.92,0.0,82.4,0.1283,30,17,0.5667,31.18,30,0.4243,7,7,0.8007,7,0.77,0.0,0.5235,0.4839,0.1443,0.2755,35.65,Medium
SGR_ZONE_075,34.001389,74.901389,1641.08,1577,2632,3.06,48.09,0.1049,0.105,0.77,0.9375,10000.0,0.4208,0.5417,1,0.4541,0.2478,0.2875,Alpine Scrub,0.3725,98.38,0.08,3.57,19.25,7.67,2.0,0.0,82.18,0.0931,48,30,0.625,33.9,48,0.5142,3,3,0.8539,3,0.33,0.3844,0.3759,0.4242,0.3415,0.3834,34.25,Medium
SGR_ZONE_076,34.001389,75.101389,2394.61,1620,4079,12.87,103.59,0.3111,0.3497,0.6675,1.0,10000.0,0.2221,0.4583,1,0.4275,0.2303,0.2707,Alpine Scrub,0.3624,91.92,0.5,5.18,18.33,7.42,2.08,0.0,78.85,0.1466,55,45,0.8182,31.49,55,0.478,2,2,0.9149,1,0.1933,0.3188,0.1925,0.1553,0.5207,0.2785,31.19,Medium
SGR_ZONE_077,34.001389,75.301389,3111.51,1933,4809,17.09,69.52,0.439,0.5794,0.6306,1.0,10000.0,0.2731,0.4688,1,0.3955,0.1611,0.1888,Alpine Scrub,0.3133,81.38,1.58,4.92,28.08,10.58,2.17,0.0,82.8,0.1829,30,22,0.7333,31.86,30,0.3683,2,2,0.8403,1,0.1933,0.176,0.0,0.2449,0.562,0.1949,22.42,Low
SGR_ZONE_078,34.001389,75.501389,3934.2,2669,5087,17.55,65.04,0.5274,0.4161,0.625,1.0,10000.0,0.3409,0.5208,1,0.3989,0.2453,0.2341,Alpine Scrub,0.3404,85.02,1.0,6.38,17.42,7.17,2.33,0.0,76.84,0.1944,44,32,0.7273,33.81,44,0.4557,5,1,0.8638,3,0.3633,0.7977,0.4052,0.2094,0.2902,0.4862,59.29,High
SGR_ZONE_079,34.001389,75.701389,4317.44,3277,5554,17.36,94.51,0.5632,0.0,0.6194,0.75,10000.0,0.3355,0.6875,1,0.4602,0.3784,0.4399,Grassland,0.464,85.07,1.17,9.03,15.25,6.5,2.0,0.0,71.17,0.2483,47,39,0.8298,31.54,47,0.4291,4,4,0.8463,6,0.4933,0.3154,0.2837,0.4691,0.2111,0.321,67.41,High
SGR_ZONE_080,34.001389,75.901389,4700.89,3292,5987,15.08,98.82,0.5712,0.1191,0.6138,0.5625,10000.0,0.4118,0.8437,1,0.4596,0.1421,0.1892,Barren Rocky,0.1935,77.66,1.83,4.51,29.08,11.0,2.25,0.0,82.88,0.1905,35,26,0.7429,30.62,35,0.3889,2,1,0.8954,2,0.1867,0.143,0.5366,0.1211,0.3071,0.2813,31.76,Medium
SGR_ZONE_081,34.134722,74.1,2119.4,1176,3967,17.64,65.35,0.3471,0.2762,0.5425,0.375,10000.0,0.4376,0.9687,1,0.4591,0.1687,0.2249,Alpine Scrub,0.3349,96.52,0.17,8.63,15.75,6.5,1.83,0.0,76.11,0.1848,12,8,0.6667,35.75,12,0.3033,4,1,0.8674,1,0.26,0.265,0.3826,0.2262,0.3734,0.3088,23.78,Low
SGR_ZONE_082,34.134722,74.301389,2228.11,1512,3493,11.52,55.0,0.2764,0.2196,0.5212,0.25,10000.0,0.3397,1.0,1,0.4708,0.3495,0.3434,Alpine Scrub,0.406,75.91,2.08,3.48,29.25,11.25,1.92,0.0,79.13,0.1927,27,20,0.7407,27.65,27,0.3348,2,2,0.8342,3,0.2467,0.5253,0.0665,0.1813,0.0,0.2401,23.58,Low
SGR_ZONE_083,34.134722,74.501389,1728.09,1573,2322,2.76,16.62,0.1095,0.2375,0.5156,0.25,10000.0,0.395,0.9583,1,0.4579,0.3449,0.4,Alpine Scrub,0.44,85.99,0.92,3.47,16.33,6.67,1.83,0.0,70.89,0.1597,31,24,0.7742,29.67,31,0.3523,4,4,0.8568,4,0.44,0.5056,0.4898,0.4639,0.2597,0.4556,36.43,Medium
SGR_ZONE_084,34.134722,74.701389,1582.82,1567,1664,1.39,12.08,0.0768,0.5935,0.4944,0.25,10000.0,0.4838,0.8542,1,0.3936,0.3454,0.4748,Alpine Scrub,0.4849,99.73,0.0,8.54,7.83,3.58,2.0,0.0,70.64,0.1838,28,22,0.7857,28.86,28,0.3287,4,1,0.7897,2,0.2867,0.1266,0.1927,0.3683,0.8398,0.3017,20.07,Low
SGR_ZONE_085,34.134722,74.901389,2062.65,1575,3932,10.21,53.3,0.2423,0.4173,0.4888,0.3125,10000.0,0.4742,0.8021,1,0.3807,0.2726,0.2621,Alpine Scrub,0.3573,90.16,0.5,4.27,27.08,10.42,2.08,0.0,87.16,0.1201,37,26,0.7027,37.0,37,0.4355,5,5,0.8484,6,0.5767,0.0,0.3238,0.0,0.7445,0.2088,35.79,Medium
SGR_ZONE_086,34.134722,75.101389,3518.42,2107,4629,16.09,97.66,0.4664,0.1742,0.3862,0.3125,10000.0,0.5,0.7292,1,0.3842,0.2343,0.2169,Alpine Scrub,0.3302,95.74,0.17,2.57,26.25,10.08,2.17,0.0,89.62,0.071,26,17,0.6538,35.0,26,0.3841,3,3,0.8517,2,0.3033,0.4636,0.2138,0.4353,0.0,0.3135,25.59,Medium
SGR_ZONE_087,34.134722,75.301389,3690.74,2311,5241,17.5,73.41,0.5024,0.2245,0.3181,0.3125,10000.0,0.3787,0.6771,1,0.3804,0.3132,0.3616,Alpine Scrub,0.4169,99.83,0.0,7.62,13.67,6.0,2.17,0.0,79.6,0.1522,24,20,0.8333,29.2,24,0.2907,5,1,0.9041,6,0.4433,0.1011,0.1719,0.4566,0.7788,0.2951,34.67,Medium
SGR_ZONE_088,34.134722,75.501389,4034.17,2723,5348,18.0,104.08,0.5435,0.0784,0.25,0.375,10000.0,0.4658,0.5937,1,0.3469,0.356,0.4329,Grassland,0.4598,90.38,0.58,7.9,13.33,5.83,1.58,0.0,68.31,0.2124,46,40,0.8696,29.52,46,0.4028,1,1,0.8248,1,0.11,0.0,0.1547,0.1127,0.5642,0.1536,30.54,Medium
SGR_ZONE_089,34.134722,75.701389,4507.56,3303,5882,17.29,79.77,0.5812,0.105,0.2444,0.375,10000.0,0.7479,0.4479,1,0.2834,0.3499,0.4576,Alpine Scrub,0.4745,99.63,0.0,6.83,8.58,3.92,1.67,0.0,68.27,0.1637,45,34,0.7556,33.56,45,0.4505,3,5,0.8002,4,0.4233,0.1923,0.1458,0.3931,0.3881,0.2479,50.89,High
SGR_ZONE_090,34.134722,75.901389,4124.21,3164,5548,16.9,70.69,0.5378,0.1965,0.3013,0.375,10000.0,0.9039,0.2708,1,0.2401,0.3431,0.5135,Alpine Scrub,0.5081,89.28,0.5,4.67,34.67,13.17,2.17,0.0,93.63,0.1148,44,31,0.7045,30.74,44,0.4534,3,3,0.788,1,0.2767,0.0,0.3434,0.3359,0.5968,0.2597,38.14,Medium
SGR_ZONE_091,34.268056,74.1,3059.95,1830,4288,15.65,54.87,0.4147,0.2608,0.3237,0.375,10000.0,0.7893,0.1042,1,0.2314,0.4302,0.4304,Grassland,0.4582,94.33,0.25,4.48,25.25,9.75,2.42,0.0,90.64,0.1017,14,9,0.6429,42.44,14,0.3452,7,2,0.844,4,0.5233,0.5701,0.1201,0.1492,0.6614,0.3646,36.72,Medium
SGR_ZONE_092,34.268056,74.301389,1875.49,1564,3339,6.15,53.0,0.1696,0.1722,0.4119,0.375,10000.0,0.6555,0.0,1,0.2528,0.3106,0.3658,Alpine Scrub,0.4195,75.35,2.08,2.93,23.75,9.25,2.17,0.0,75.4,0.1932,44,33,0.75,30.21,44,0.4357,3,4,0.8515,3,0.3633,0.1965,0.9136,0.3202,0.4746,0.4781,41.88,Medium
SGR_ZONE_093,34.268056,74.501389,1588.01,1558,1766,1.39,10.63,0.0773,0.235,0.4375,0.375,10000.0,0.6182,0.0104,1,0.2633,0.3948,0.47,Grassland,0.482,87.58,0.75,6.31,18.33,7.08,2.5,0.0,79.77,0.1761,49,40,0.8163,29.65,49,0.4387,4,3,0.8767,5,0.4333,0.3434,0.7691,0.3523,0.5447,0.5031,43.94,Medium
SGR_ZONE_094,34.268056,74.701389,1889.68,1571,3589,6.56,53.67,0.1765,0.2403,0.4319,0.375,10000.0,0.533,0.1667,1,0.2889,0.4671,0.5102,Grassland,0.5061,88.53,0.67,10.3,15.67,6.58,1.83,0.0,72.15,0.2455,45,31,0.6889,30.52,45,0.4637,4,3,0.8579,5,0.4333,0.0,0.477,0.4945,0.1805,0.2691,47.07,Medium
SGR_ZONE_095,34.268056,74.901389,2411.62,1601,3830,15.22,58.38,0.3441,0.0072,0.4106,0.375,10000.0,0.5924,0.3229,1,0.327,0.3781,0.3402,Grassland,0.4041,81.61,1.33,8.89,18.67,7.33,2.33,0.0,75.33,0.2491,31,25,0.8065,34.52,31,0.3572,3,1,0.9012,3,0.2633,0.537,0.0,0.1332,0.1918,0.2434,31.36,Medium
SGR_ZONE_096,34.268056,75.101389,3241.46,1918,4576,17.22,72.5,0.4537,0.1729,0.3237,0.3125,10000.0,0.6392,0.4479,1,0.3193,0.4268,0.5123,Grassland,0.5074,73.93,2.08,5.76,23.33,9.17,2.08,0.0,73.72,0.2407,23,20,0.8696,35.45,23,0.2932,3,4,0.8334,3,0.3633,0.1631,0.3099,0.7689,0.1718,0.3296,41.07,Medium
SGR_ZONE_097,34.268056,75.301389,3686.78,2366,5155,18.44,92.61,0.5146,0.3063,0.3181,0.3125,10000.0,0.47,0.4062,1,0.3149,0.4963,0.4836,Grassland,0.4902,100.0,0.0,12.51,11.75,5.08,2.42,0.0,79.42,0.2236,21,17,0.8095,29.06,21,0.2817,1,3,0.8282,5,0.2833,0.0,0.187,0.2643,0.3094,0.1554,27.46,Medium
SGR_ZONE_098,34.268056,75.501389,4114.87,2822,5373,18.85,89.4,0.5628,0.3957,0.3281,0.375,10000.0,0.2395,0.2708,1,0.3268,0.5095,0.5797,Grassland,0.5478,83.42,1.08,3.38,22.0,8.42,2.25,0.0,78.93,0.1517,35,30,0.8571,31.2,35,0.3509,8,5,0.814,6,0.7267,0.3471,0.3476,0.0,0.1729,0.2517,57.88,High
SGR_ZONE_099,34.268056,75.701389,4684.25,3625,5833,16.2,81.0,0.5844,0.3003,0.3225,0.375,10000.0,0.03,0.2083,1,0.3477,0.4412,0.493,Grassland,0.4958,100.0,0.0,9.88,11.17,4.92,1.75,0.0,72.25,0.1996,32,24,0.75,31.29,32,0.3718,4,4,0.8204,5,0.4667,0.3007,0.1681,0.0631,0.246,0.2052,49.16,Medium
SGR_ZONE_100,34.268056,75.901389,4112.41,2881,5586,16.11,71.35,0.5261,0.1991,0.3481,0.3125,10000.0,0.1297,0.3125,1,0.3546,0.5325,0.5286,Grassland,0.5172,79.33,1.58,5.38,15.5,6.42,2.25,0.0,70.33,0.2187,46,31,0.6739,36.45,46,0.4944,6,1,0.8382,6,0.4933,0.5232,0.1064,0.0637,0.2565,0.2663,66.0,High
SGR_ZONE_101,34.401389,74.1,2305.64,1641,3820,9.46,40.67,0.2566,0.7164,0.3081,0.125,10000.0,0.8235,0.2396,1,0.1944,0.5722,0.6574,Dense Brush,0.7344,98.49,0.0,7.62,14.83,6.33,2.08,0.0,79.23,0.1556,30,23,0.7667,31.43,30,0.3552,3,1,0.8553,4,0.29,0.341,0.0,0.6116,0.1709,0.2673,29.13,Medium
SGR_ZONE_102,34.401389,74.301389,1698.06,1580,2593,4.95,32.9,0.1358,0.9387,0.1931,0.0625,10000.0,0.6729,0.2396,1,0.1763,0.6454,0.7627,Dense Brush,0.7976,80.17,1.33,5.98,27.25,10.5,1.83,0.0,79.24,0.2017,31,21,0.6774,30.52,31,0.389,2,0,0.8966,1,0.1267,0.098,0.0812,0.1688,0.1685,0.1177,18.59,Low
SGR_ZONE_103,34.401389,74.501389,1875.24,1571,3016,7.32,48.44,0.1852,0.9784,0.0938,0.0625,10000.0,0.2347,0.3125,1,0.2201,0.4633,0.4628,Grassland,0.4777,100.0,0.0,13.77,11.33,5.08,1.83,0.0,73.58,0.2536,33,25,0.7576,27.68,33,0.3627,6,4,0.8264,5,0.5667,0.4344,0.1538,0.5463,0.4415,0.3737,47.31,Medium
SGR_ZONE_104,34.401389,74.701389,2288.26,1573,4098,11.74,49.02,0.2854,1.0,0.01,0.0,10000.0,0.3193,0.4479,1,0.2094,0.6289,0.7175,Dense Brush,0.7705,84.03,1.17,4.38,23.08,9.08,2.0,0.0,78.53,0.168,45,36,0.8,29.28,45,0.4207,2,2,0.8629,4,0.2733,0.464,0.0,0.0,0.0,0.1624,33.55,Medium
SGR_ZONE_105,34.401389,74.901389,3619.43,2145,4955,15.73,65.8,0.4716,1.0,0.02,0.0,10000.0,0.9292,0.5104,1,0.1317,0.6425,0.8994,Dense Brush,0.8797,84.34,0.92,3.62,20.17,8.0,2.0,0.0,75.9,0.1552,36,29,0.8056,34.55,36,0.3857,6,1,0.8645,4,0.44,0.1053,0.5987,0.3105,0.3165,0.326,54.25,High
SGR_ZONE_106,34.401389,75.101389,3867.35,2472,4831,16.8,75.9,0.5107,0.7554,0.0425,0.0,10000.0,0.97,0.4896,1,0.1444,0.6599,0.7827,Dense Brush,0.8096,78.93,1.67,4.29,29.0,11.08,2.17,0.0,83.15,0.1801,48,38,0.7917,32.89,48,0.4526,3,4,0.8679,0,0.2833,0.3054,0.3533,0.3989,0.3683,0.3479,56.08,High
SGR_ZONE_107,34.401389,75.301389,4171.45,3119,5163,18.5,79.08,0.5638,0.7517,0.1931,0.0625,10000.0,0.6975,0.4479,1,0.214,0.7028,0.8056,Forest,0.8234,89.71,0.58,4.21,29.5,11.17,2.33,0.0,91.22,0.1141,28,18,0.6429,22.78,28,0.3584,1,5,0.8159,3,0.2967,0.4937,0.1144,0.5696,0.3134,0.368,46.26,Medium
SGR_ZONE_108,34.401389,75.501389,4229.59,3210,5412,18.32,79.7,0.5672,0.5249,0.2812,0.125,10000.0,0.4628,0.4062,1,0.2878,0.6126,0.7118,Dense Brush,0.7671,78.98,1.42,5.28,24.75,9.58,1.75,0.0,75.01,0.2044,40,26,0.65,35.12,40,0.4646,7,0,0.8545,2,0.4033,0.6693,0.4549,0.2273,0.3647,0.4709,75.87,Critical
SGR_ZONE_109,34.401389,75.701389,3904.65,3045,5422,17.32,99.63,0.5214,0.3139,0.4475,0.1875,10000.0,0.2809,0.3021,1,0.3448,0.5866,0.6334,Dense Brush,0.72,88.84,0.75,5.03,24.0,9.42,2.33,0.0,85.62,0.1432,64,46,0.7188,34.3,64,0.5728,4,1,0.8476,5,0.3667,0.0,0.1857,0.131,0.5092,0.1583,61.31,High
SGR_ZONE_110,34.401389,75.901389,3947.48,2843,5363,16.55,99.18,0.5154,0.4084,0.5513,0.1875,10000.0,0.605,0.1771,1,0.2932,0.6193,0.6853,Dense Brush,0.7512,81.46,1.33,3.55,28.0,10.5,2.08,0.0,82.26,0.1577,48,35,0.7292,26.37,48,0.4527,3,3,0.8642,6,0.41,0.269,0.5989,0.1627,0.0,0.3064,59.91,High
SGR_ZONE_111,34.534722,74.1,2302.31,1657,3659,11.1,49.9,0.2783,0.5301,0.5894,0.25,10000.0,0.7191,0.1042,1,0.2751,0.85,0.8416,Forest,0.845,91.58,0.33,3.01,22.42,8.58,1.92,0.0,80.89,0.1073,32,25,0.7812,29.8,32,0.3559,2,1,0.8207,1,0.16,0.8752,0.2037,0.268,0.2309,0.4557,33.96,Medium
SGR_ZONE_112,34.534722,74.301389,1906.15,1594,2968,9.3,55.9,0.2146,0.7042,0.6306,0.25,10000.0,0.7095,0.1146,1,0.26,0.7296,0.7219,Forest,0.7731,86.44,0.92,2.13,30.33,11.58,2.0,0.0,87.51,0.1061,19,16,0.8421,35.12,19,0.2792,5,4,0.8544,7,0.57,0.3439,0.0,0.2437,0.6411,0.2653,31.75,Medium
SGR_ZONE_113,34.534722,74.501389,2618.4,1698,3799,13.96,48.44,0.3479,0.2826,0.6875,0.3125,10000.0,0.8025,0.3021,1,0.3182,0.6437,0.7625,Dense Brush,0.7975,86.78,0.92,3.79,23.92,9.42,2.0,0.0,81.12,0.1424,29,22,0.7586,31.36,29,0.3522,1,3,0.8744,3,0.23,0.4552,0.3513,0.2529,0.5073,0.3914,39.49,Medium
SGR_ZONE_114,34.534722,74.701389,3132.13,1738,4223,16.03,51.16,0.4269,0.3185,0.7288,0.375,10000.0,0.9082,0.375,1,0.3224,0.6924,0.7078,Dense Brush,0.7647,83.77,1.17,3.91,35.92,13.58,2.08,0.0,91.87,0.1349,49,40,0.8163,30.55,49,0.4417,2,2,0.7686,2,0.22,0.1805,0.9255,0.6466,0.2366,0.5056,54.74,High
SGR_ZONE_115,34.534722,74.901389,3572.71,2480,4501,15.56,66.14,0.4647,0.2649,0.8169,0.4375,10000.0,0.9322,0.4688,1,0.3469,0.6348,0.7322,Dense Brush,0.7793,79.83,1.42,3.18,23.75,9.33,2.08,0.0,77.93,0.1662,32,26,0.8125,32.15,32,0.3528,3,5,0.8354,2,0.37,0.2751,0.0,0.9682,0.0,0.2899,48.45,Medium
SGR_ZONE_116,34.534722,75.101389,3426.12,2575,4792,17.73,68.49,0.479,0.392,0.8394,0.4375,10000.0,0.9748,0.4479,1,0.3436,0.6372,0.7117,Dense Brush,0.767,83.33,1.25,2.91,28.92,10.92,2.0,0.0,83.58,0.1399,37,25,0.6757,31.72,37,0.4274,4,6,0.8364,5,0.5333,0.3226,0.7851,0.2325,0.4103,0.4565,69.46,High
SGR_ZONE_117,34.534722,75.301389,4008.8,2843,5205,18.12,63.51,0.5425,0.336,0.9119,0.5,10000.0,0.9039,0.4271,1,0.3757,0.7018,0.7394,Forest,0.7837,87.72,0.75,5.98,14.42,6.17,2.25,0.0,74.58,0.1814,44,30,0.6818,31.27,44,0.4631,3,1,0.8844,3,0.2633,0.0,0.1737,0.5278,0.9408,0.2988,59.89,High
SGR_ZONE_118,34.534722,75.501389,4417.57,3480,5303,16.23,96.29,0.5582,0.2854,0.9688,0.5,10000.0,0.7557,0.3958,1,0.4007,0.85,0.9667,Forest,0.92,94.16,0.33,10.06,14.33,6.17,1.92,0.0,74.67,0.2174,17,15,0.8824,31.87,17,0.243,4,1,0.8551,3,0.3133,0.4689,0.288,0.0,0.4539,0.3186,51.15,High
SGR_ZONE_119,34.534722,75.701389,4525.51,3292,5281,13.89,78.92,0.5378,0.373,1.0,0.5625,10000.0,0.6471,0.5,1,0.4366,0.538,0.6011,Grassland,0.5607,83.62,1.08,4.22,32.92,12.5,1.92,0.0,87.95,0.1455,60,40,0.6667,32.15,60,0.5613,4,3,0.8813,4,0.4067,0.2254,0.0,0.5141,0.332,0.2315,63.39,High
SGR_ZONE_120,34.534722,75.901389,4164.7,2690,5576,18.48,106.36,0.5629,0.2503,1.0,0.5625,10000.0,0.6645,0.5833,1,0.4513,0.6463,0.7535,Dense Brush,0.7921,84.97,1.0,2.48,31.25,11.83,2.17,0.0,88.42,0.1143,20,15,0.75,31.33,20,0.3044,3,2,0.8403,3,0.2967,0.362,0.4078,0.1245,0.1757,0.3003,42.36,Medium
SGR_ZONE_121,34.668056,74.1,2719.27,1619,3857,18.83,76.51,0.423,0.2057,0.9644,0.5625,10000.0,0.6465,0.7396,1,0.4718,0.6339,0.6916,Dense Brush,0.755,80.42,1.42,4.9,32.42,12.42,2.25,0.0,88.8,0.1684,28,16,0.5714,32.81,28,0.4169,2,4,0.8644,2,0.2867,0.2064,0.501,0.6475,0.0,0.352,54.51,High
SGR_ZONE_122,34.668056,74.301389,2852.06,1829,3912,17.09,65.4,0.4131,0.2511,0.9587,0.625,10000.0,0.7773,0.7917,1,0.4588,0.7348,0.8515,Forest,0.8509,85.27,1.0,3.48,19.17,7.33,2.08,0.0,74.94,0.1552,31,23,0.7419,33.17,31,0.3753,8,4,0.8699,9,0.7733,0.0,0.4996,0.9192,0.2594,0.3726,76.63,Critical
SGR_ZONE_123,34.668056,74.501389,3174.97,2210,4049,15.67,50.56,0.4264,0.2606,0.9219,0.6875,10000.0,0.8031,0.7917,1,0.4511,0.5943,0.637,Dense Brush,0.7222,75.17,2.0,5.97,27.67,10.42,2.08,0.0,78.16,0.2304,37,28,0.7568,33.61,37,0.4053,1,3,0.8649,1,0.1767,0.1512,0.4846,0.159,0.4303,0.2946,49.74,Medium
SGR_ZONE_124,34.668056,74.701389,3097.6,2245,4093,16.4,50.92,0.4285,0.3991,0.8694,0.8125,10000.0,0.6381,0.6875,1,0.4269,0.6472,0.6792,Dense Brush,0.7475,95.13,0.08,8.75,17.5,7.0,2.17,0.0,80.55,0.1783,39,27,0.6923,30.89,39,0.43,3,2,0.8771,3,0.2967,0.1897,0.357,0.4162,0.7506,0.3693,56.97,High
SGR_ZONE_125,34.668056,74.901389,3166.92,2392,4387,17.49,67.86,0.4499,0.125,0.77,0.9375,10000.0,0.3908,0.5417,1,0.4541,0.8202,0.9225,Forest,0.8935,82.43,1.25,4.52,17.42,7.17,1.92,0.0,71.15,0.19,33,22,0.6667,30.73,33,0.4047,2,5,0.8272,4,0.3733,0.3936,0.2056,0.3112,0.4625,0.3311,64.05,High
SGR_ZONE_126,34.668056,75.101389,3871.22,2674,4638,14.43,66.92,0.4795,0.3697,0.6675,1.0,10000.0,0.2821,0.4583,1,0.4275,0.571,0.6739,Dense Brush,0.7444,97.0,0.17,23.13,6.58,3.33,2.0,0.0,68.47,0.4106,51,43,0.8431,33.98,51,0.455,4,6,0.8259,6,0.56,0.4571,0.0228,0.5535,0.3272,0.3266,95.0,Critical
SGR_ZONE_127,34.668056,75.301389,4204.19,3430,4952,14.13,77.96,0.5088,0.4594,0.6306,1.0,10000.0,0.2431,0.4688,1,0.3955,0.8334,0.9684,Forest,0.921,99.91,0.0,9.32,13.17,5.58,1.83,0.0,75.05,0.1861,24,18,0.75,41.17,24,0.3597,3,4,0.8535,6,0.4433,0.2038,0.3636,0.1682,0.3687,0.2694,61.47,High
SGR_ZONE_128,34.668056,75.501389,4137.25,3247,5028,15.2,94.26,0.5164,0.4361,0.625,1.0,10000.0,0.3109,0.5208,1,0.3989,0.533,0.5621,Grassland,0.5372,84.54,1.08,4.96,30.67,11.58,1.92,0.0,85.58,0.1591,21,15,0.7143,29.33,21,0.3159,7,1,0.8222,5,0.5167,0.7007,0.4293,0.4038,0.0,0.4548,54.41,High
SGR_ZONE_129,34.668056,75.701389,3892.55,2987,5191,16.32,82.38,0.5069,0.0,0.6194,0.75,10000.0,0.3955,0.6875,1,0.4602,0.7458,0.785,Forest,0.811,98.16,0.0,6.29,18.5,7.42,2.0,0.0,81.52,0.1324,47,39,0.8298,30.95,47,0.4271,6,2,0.8344,2,0.42,0.9066,0.1733,0.2505,0.367,0.4744,69.48,High
SGR_ZONE_130,34.668056,75.901389,4002.4,2744,5278,16.86,86.9,0.5251,0.1391,0.6138,0.5625,10000.0,0.3818,0.8437,1,0.4596,0.6691,0.7747,Dense Brush,0.8048,91.77,0.25,2.31,27.92,10.58,2.5,0.0,92.58,0.0712,14,11,0.7857,22.45,14,0.2286,3,0,0.8062,3,0.23,0.5,0.0,0.3558,0.6655,0.346,28.8,Medium
SGR_ZONE_131,34.801389,74.1,3193.4,1799,4460,18.97,108.96,0.4723,0.2962,0.5425,0.375,10000.0,0.4076,0.9687,1,0.4591,0.5477,0.5995,Grassland,0.5597,99.74,0.0,5.67,17.25,7.0,1.92,0.0,80.07,0.1231,36,27,0.75,32.19,36,0.3973,8,1,0.8244,7,0.62,0.0,0.3731,0.2744,0.061,0.176,50.77,High
SGR_ZONE_132,34.801389,74.301389,2856.48,1856,4460,19.52,101.72,0.4459,0.2396,0.5212,0.25,10000.0,0.3997,1.0,1,0.4708,0.3501,0.3339,Grassland,0.4003,85.64,1.08,2.65,35.83,13.67,2.08,0.0,92.74,0.109,18,15,0.8333,28.87,18,0.2558,6,3,0.8125,4,0.5067,0.0,0.3798,0.288,0.4352,0.2368,26.67,Medium
SGR_ZONE_133,34.801389,74.501389,3131.21,1980,4674,18.75,89.38,0.4631,0.2575,0.5156,0.25,10000.0,0.365,0.9583,1,0.4579,0.576,0.5712,Dense Brush,0.6827,87.2,0.83,2.02,27.33,10.5,2.0,0.0,84.72,0.1064,30,24,0.8,32.46,30,0.3469,1,1,0.8906,1,0.11,0.389,0.3078,0.1882,0.2711,0.3068,29.39,Medium
SGR_ZONE_134,34.801389,74.701389,3446.67,2192,4652,17.85,54.58,0.4827,0.4735,0.4944,0.25,10000.0,0.4538,0.8542,1,0.3936,0.713,0.7128,Forest,0.7677,79.99,1.58,2.53,35.0,13.33,2.08,0.0,88.92,0.1387,43,30,0.6977,31.27,43,0.4519,4,6,0.8307,5,0.5333,0.0572,0.3255,0.3751,0.076,0.2041,60.74,High
SGR_ZONE_135,34.801389,74.901389,3790.49,2551,4645,16.6,54.64,0.5004,0.4373,0.4888,0.3125,10000.0,0.5342,0.8021,1,0.3807,0.5328,0.5926,Grassland,0.5556,85.01,1.08,3.79,30.58,11.5,2.33,0.0,89.31,0.1337,32,23,0.7188,31.7,32,0.3841,0,5,0.7832,3,0.2467,0.0,0.4372,0.0,0.2071,0.1622,30.54,Medium
SGR_ZONE_136,34.801389,75.101389,3782.84,2688,4649,15.94,62.44,0.4908,0.1942,0.3862,0.3125,10000.0,0.47,0.7292,1,0.3842,0.6683,0.6634,Dense Brush,0.738,100.0,0.0,5.01,11.92,5.0,1.75,0.0,72.5,0.128,30,22,0.7333,30.64,30,0.3642,1,3,0.8911,1,0.1767,0.3031,0.0,0.4853,0.5467,0.2852,36.61,Medium
SGR_ZONE_137,34.801389,75.301389,4033.81,3294,4866,10.2,56.92,0.4394,0.2445,0.3181,0.3125,10000.0,0.3487,0.6771,1,0.3804,0.6307,0.6943,Dense Brush,0.7566,92.62,0.5,11.49,8.08,3.58,2.42,0.0,70.97,0.2529,44,32,0.7273,36.06,44,0.4632,6,4,0.8231,4,0.54,0.5269,0.269,0.0,0.2705,0.3057,75.99,Critical
SGR_ZONE_138,34.801389,75.501389,4427.25,3551,5144,12.79,76.49,0.5133,0.0984,0.25,0.375,10000.0,0.5258,0.5937,1,0.3469,0.4433,0.5107,Grassland,0.5064,88.43,0.58,2.17,24.33,9.5,2.0,0.0,82.71,0.1039,41,30,0.7317,32.27,41,0.4321,2,3,0.8767,3,0.28,0.2505,0.4686,0.9418,0.5945,0.5058,48.83,Medium
SGR_ZONE_139,34.801389,75.701389,4275.9,3249,5248,15.48,95.69,0.5339,0.125,0.2444,0.375,10000.0,0.7179,0.4479,1,0.2834,0.5216,0.5438,Grassland,0.5263,77.58,1.58,2.98,31.17,11.92,1.92,0.0,82.78,0.1624,38,30,0.7895,34.1,38,0.4011,1,5,0.8105,2,0.27,0.1478,0.3886,0.1989,0.0,0.2081,36.35,Medium
SGR_ZONE_140,34.801389,75.901389,4678.51,3638,5320,14.77,126.73,0.5648,0.2165,0.3013,0.375,10000.0,0.8739,0.2708,1,0.2401,0.4949,0.5252,Grassland,0.5151,93.91,0.33,3.68,17.17,7.08,1.75,0.0,75.64,0.1229,41,27,0.6585,32.93,41,0.4599,3,1,0.8461,2,0.2367,0.5068,0.0,0.2638,0.3224,0.2785,39.83,Medium
SGR_ZONE_141,34.934722,74.1,3801.18,2065,4572,16.12,95.06,0.495,0.1408,0.3237,0.375,10000.0,0.8493,0.1042,1,0.2314,0.4819,0.5632,Grassland,0.5379,76.48,1.83,5.67,24.92,9.58,2.17,0.0,77.34,0.221,44,34,0.7727,28.59,44,0.4223,6,4,0.8741,7,0.62,0.0,0.7681,0.4949,0.3842,0.387,67.76,High
SGR_ZONE_142,34.934722,74.301389,3700.04,2152,4930,17.8,113.65,0.5074,0.1922,0.4119,0.375,10000.0,0.6255,0.0,1,0.2528,0.5831,0.5795,Dense Brush,0.6877,77.29,1.83,3.28,24.0,9.42,2.17,0.0,77.16,0.1848,20,17,0.85,28.41,20,0.2597,2,0,0.8195,1,0.1267,0.3599,0.6045,0.1202,0.4568,0.3999,30.79,Medium
SGR_ZONE_143,34.934722,74.501389,3852.33,2239,4945,17.57,103.17,0.5195,0.255,0.4375,0.375,10000.0,0.5882,0.0104,1,0.2633,0.6102,0.5736,Dense Brush,0.6842,99.65,0.0,9.89,13.0,5.58,2.25,0.0,79.11,0.1867,14,10,0.7143,33.6,14,0.2908,5,5,0.7876,4,0.5233,0.0,0.2368,0.4303,0.1705,0.1827,43.46,Medium
SGR_ZONE_144,34.934722,74.701389,4146.44,3134,4926,15.99,90.91,0.5279,0.2603,0.4319,0.375,10000.0,0.593,0.1667,1,0.2889,0.4108,0.4813,Grassland,0.4888,77.97,1.75,2.24,29.42,11.08,2.0,0.0,80.92,0.1587,36,23,0.6389,26.0,36,0.4156,4,2,0.8211,6,0.4267,0.1869,0.5126,0.2018,0.1887,0.2879,47.64,Medium
SGR_ZONE_145,34.934722,74.901389,3789.8,2860,4721,17.69,70.74,0.5149,0.0272,0.4106,0.375,10000.0,0.5624,0.3229,1,0.327,0.4289,0.4407,Grassland,0.4644,84.92,0.92,4.67,14.42,6.25,1.67,0.0,67.57,0.1861,22,16,0.7273,28.44,22,0.314,4,4,0.8129,2,0.3867,0.4952,0.4586,0.2321,0.4416,0.4236,44.63,Medium
SGR_ZONE_146,34.934722,75.101389,4160.76,3382,4893,13.33,51.62,0.4939,0.1929,0.3237,0.3125,10000.0,0.6092,0.4479,1,0.3193,0.3735,0.3862,Grassland,0.4317,78.44,1.5,5.58,28.08,10.67,2.08,0.0,81.22,0.1996,35,26,0.7429,32.58,35,0.3955,6,6,0.8015,5,0.6333,0.0,0.2183,0.5726,0.1256,0.1988,52.9,High
SGR_ZONE_147,34.934722,75.301389,4082.63,3760,4466,4.6,24.79,0.3696,0.3263,0.3181,0.3125,10000.0,0.53,0.4062,1,0.3149,0.3269,0.4021,Alpine Scrub,0.4413,93.0,0.33,18.04,7.92,3.42,2.5,0.0,71.77,0.3419,40,30,0.75,32.83,40,0.4219,3,2,0.9036,3,0.2967,0.0,0.4494,0.1935,0.2277,0.2077,48.71,Medium
SGR_ZONE_148,34.934722,75.501389,4219.3,3709,5091,7.92,60.52,0.4276,0.2757,0.3281,0.375,10000.0,0.2095,0.2708,1,0.3268,0.3869,0.391,Grassland,0.4346,80.31,1.42,3.02,29.83,11.33,1.92,0.0,82.45,0.1539,44,31,0.7045,30.61,44,0.453,1,1,0.7424,1,0.11,0.0,0.1051,0.2343,0.4428,0.1448,23.37,Low
SGR_ZONE_149,34.934722,75.701389,4750.82,4144,5368,12.61,74.56,0.5432,0.3203,0.3225,0.375,10000.0,0.0,0.2083,1,0.3477,0.4151,0.4719,Grassland,0.4832,89.33,0.5,1.78,30.75,11.58,2.17,0.0,90.65,0.0785,41,34,0.8293,29.15,41,0.3875,3,2,0.8562,5,0.35,0.2442,0.3055,0.5431,0.4122,0.3476,38.01,Medium
SGR_ZONE_150,34.934722,75.901389,4653.03,3109,5626,15.91,67.19,0.5774,0.2191,0.3481,0.3125,10000.0,0.1897,0.3125,1,0.3546,0.3933,0.4641,Grassland,0.4785,88.25,0.75,5.94,16.75,7.0,1.92,0.0,73.98,0.1809,54,39,0.7222,34.9,54,0.5173,3,3,0.9288,4,0.3567,0.0,0.3618,0.2673,0.6992,0.2669,58.54,High
