Zone_ID,Latitude,Longitude,Sector,Boundary_Clip
SGR_ZONE_001,33.95554,74.68847,Srinagar,True
SGR_ZONE_002,33.95554,74.71795,Srinagar,True
SGR_ZONE_003,33.95554,74.74744,Srinagar,True
SGR_ZONE_004,33.95554,74.77693,Srinagar,True
SGR_ZONE_005,33.95554,74.80642,Srinagar,True
SGR_ZONE_006,33.95554,74.83591,Srinagar,True
SGR_ZONE_007,33.95554,74.8654,Srinagar,True
SGR_ZONE_008,33.95554,74.89488,Srinagar,True
SGR_ZONE_009,33.95554,74.92437,Srinagar,True
SGR_ZONE_010,33.98108,74.64423,Srinagar,True
SGR_ZONE_011,33.98108,74.67372,Srinagar,True
SGR_ZONE_012,33.98108,74.70321,Srinagar,True
SGR_ZONE_013,33.98108,74.7327,Srinagar,True
SGR_ZONE_014,33.98108,74.76219,Srinagar,True
SGR_ZONE_015,33.98108,74.79167,Srinagar,True
SGR_ZONE_016,33.98108,74.82116,Srinagar,True
SGR_ZONE_017,33.98108,74.85065,Srinagar,True
SGR_ZONE_018,33.98108,74.88014,Srinagar,True
SGR_ZONE_019,33.98108,74.90963,Srinagar,True
SGR_ZONE_020,33.98108,74.93912,Srinagar,True
SGR_ZONE_021,33.98108,74.9686,Srinagar,True
SGR_ZONE_022,34.00661,74.62949,Srinagar,True
SGR_ZONE_023,34.00661,74.65898,Srinagar,True
SGR_ZONE_024,34.00661,74.68847,Srinagar,True
SGR_ZONE_025,34.00661,74.71795,Srinagar,True
SGR_ZONE_026,34.00661,74.74744,Srinagar,True
SGR_ZONE_027,34.00661,74.77693,Srinagar,True
SGR_ZONE_028,34.00661,74.80642,Srinagar,True
SGR_ZONE_029,34.00661,74.83591,Srinagar,True
SGR_ZONE_030,34.00661,74.8654,Srinagar,True
SGR_ZONE_031,34.00661,74.89488,Srinagar,True
SGR_ZONE_032,34.00661,74.92437,Srinagar,True
SGR_ZONE_033,34.00661,74.95386,Srinagar,True
SGR_ZONE_034,34.00661,74.98335,Srinagar,True
SGR_ZONE_035,34.00661,75.01284,Srinagar,True
SGR_ZONE_036,34.03215,74.61474,Srinagar,True
SGR_ZONE_037,34.03215,74.64423,Srinagar,True
SGR_ZONE_038,34.03215,74.67372,Srinagar,True
SGR_ZONE_039,34.03215,74.70321,Srinagar,True
SGR_ZONE_040,34.03215,74.7327,Srinagar,True
SGR_ZONE_041,34.03215,74.76219,Srinagar,True
SGR_ZONE_042,34.03215,74.79167,Srinagar,True
SGR_ZONE_043,34.03215,74.82116,Srinagar,True
SGR_ZONE_044,34.03215,74.85065,Srinagar,True
SGR_ZONE_045,34.03215,74.88014,Srinagar,True
SGR_ZONE_046,34.03215,74.90963,Srinagar,True
SGR_ZONE_047,34.03215,74.93912,Srinagar,True
SGR_ZONE_048,34.03215,74.9686,Srinagar,True
SGR_ZONE_049,34.03215,74.99809,Srinagar,True
SGR_ZONE_050,34.03215,75.02758,Srinagar,True
SGR_ZONE_051,34.05769,74.62949,Srinagar,True
SGR_ZONE_052,34.05769,74.65898,Srinagar,True
SGR_ZONE_053,34.05769,74.68847,Srinagar,True
SGR_ZONE_054,34.05769,74.71795,Srinagar,True
SGR_ZONE_055,34.05769,74.74744,Srinagar,True
SGR_ZONE_056,34.05769,74.77693,Srinagar,True
SGR_ZONE_057,34.05769,74.80642,Srinagar,True
SGR_ZONE_058,34.05769,74.83591,Srinagar,True
SGR_ZONE_059,34.05769,74.8654,Srinagar,True
SGR_ZONE_060,34.05769,74.89488,Srinagar,True
SGR_ZONE_061,34.05769,74.92437,Srinagar,True
SGR_ZONE_062,34.05769,74.95386,Srinagar,True
SGR_ZONE_063,34.05769,74.98335,Srinagar,True
SGR_ZONE_064,34.05769,75.01284,Srinagar,True
SGR_ZONE_065,34.08323,74.61474,Srinagar,True
SGR_ZONE_066,34.08323,74.64423,Srinagar,True
SGR_ZONE_067,34.08323,74.67372,Srinagar,True
SGR_ZONE_068,34.08323,74.70321,Srinagar,True
SGR_ZONE_069,34.08323,74.7327,Srinagar,True
SGR_ZONE_070,34.08323,74.76219,Srinagar,True
SGR_ZONE_071,34.08323,74.79167,Srinagar,True
SGR_ZONE_072,34.08323,74.82116,Srinagar,True
SGR_ZONE_073,34.08323,74.85065,Srinagar,True
SGR_ZONE_074,34.08323,74.88014,Srinagar,True
SGR_ZONE_075,34.08323,74.90963,Srinagar,True
SGR_ZONE_076,34.08323,74.93912,Srinagar,True
SGR_ZONE_077,34.08323,74.9686,Srinagar,True
SGR_ZONE_078,34.08323,74.99809,Srinagar,True
SGR_ZONE_079,34.08323,75.02758,Srinagar,True
SGR_ZONE_080,34.10876,74.62949,Srinagar,True
SGR_ZONE_081,34.10876,74.65898,Srinagar,True
SGR_ZONE_082,34.10876,74.68847,Srinagar,True
SGR_ZONE_083,34.10876,74.71795,Srinagar,True
SGR_ZONE_084,34.10876,74.74744,Srinagar,True
SGR_ZONE_085,34.10876,74.77693,Srinagar,True
SGR_ZONE_086,34.10876,74.80642,Srinagar,True
SGR_ZONE_087,34.10876,74.83591,Srinagar,True
SGR_ZONE_088,34.10876,74.8654,Srinagar,True
SGR_ZONE_089,34.10876,74.89488,Srinagar,True
SGR_ZONE_090,34.10876,74.92437,Srinagar,True
SGR_ZONE_091,34.10876,74.95386,Srinagar,True
SGR_ZONE_092,34.10876,74.98335,Srinagar,True
SGR_ZONE_093,34.10876,75.01284,Srinagar,True
SGR_ZONE_094,34.10876,75.04233,Srinagar,True
SGR_ZONE_095,34.1343,74.64423,Srinagar,True
SGR_ZONE_096,34.1343,74.67372,Srinagar,True
SGR_ZONE_097,34.1343,74.70321,Srinagar,True
SGR_ZONE_098,34.1343,74.7327,Srinagar,True
SGR_ZONE_099,34.1343,74.76219,Srinagar,True
SGR_ZONE_100,34.1343,74.79167,Srinagar,True
SGR_ZONE_101,34.1343,74.82116,Srinagar,True
SGR_ZONE_102,34.1343,74.85065,Srinagar,True
SGR_ZONE_103,34.1343,74.88014,Srinagar,True
SGR_ZONE_104,34.1343,74.90963,Srinagar,True
SGR_ZONE_105,34.1343,74.93912,Srinagar,True
SGR_ZONE_106,34.1343,74.9686,Srinagar,True
SGR_ZONE_107,34.1343,74.99809,Srinagar,True
SGR_ZONE_108,34.1343,75.02758,Srinagar,True
SGR_ZONE_109,34.15984,74.65898,Srinagar,True
SGR_ZONE_110,34.15984,74.68847,Srinagar,True
SGR_ZONE_111,34.15984,74.71795,Srinagar,True
SGR_ZONE_112,34.15984,74.74744,Srinagar,True
SGR_ZONE_113,34.15984,74.77693,Srinagar,True
SGR_ZONE_114,34.15984,74.80642,Srinagar,True
SGR_ZONE_115,34.15984,74.83591,Srinagar,True
SGR_ZONE_116,34.15984,74.8654,Srinagar,True
SGR_ZONE_117,34.15984,74.89488,Srinagar,True
SGR_ZONE_118,34.15984,74.92437,Srinagar,True
SGR_ZONE_119,34.15984,74.95386,Srinagar,True
SGR_ZONE_120,34.15984,74.98335,Srinagar,True
SGR_ZONE_121,34.15984,75.01284,Srinagar,True
SGR_ZONE_122,34.18538,74.67372,Srinagar,True
SGR_ZONE_123,34.18538,74.70321,Srinagar,True
SGR_ZONE_124,34.18538,74.7327,Srinagar,True
SGR_ZONE_125,34.18538,74.76219,Srinagar,True
SGR_ZONE_126,34.18538,74.79167,Srinagar,True
SGR_ZONE_127,34.18538,74.82116,Srinagar,True
SGR_ZONE_128,34.18538,74.85065,Srinagar,True
SGR_ZONE_129,34.18538,74.88014,Srinagar,True
SGR_ZONE_130,34.18538,74.90963,Srinagar,True
SGR_ZONE_131,34.18538,74.93912,Srinagar,True
SGR_ZONE_132,34.18538,74.9686,Srinagar,True
SGR_ZONE_133,34.18538,74.99809,Srinagar,True
SGR_ZONE_134,34.21091,74.68847,Srinagar,True
SGR_ZONE_135,34.21091,74.71795,Srinagar,True
SGR_ZONE_136,34.21091,74.74744,Srinagar,True
SGR_ZONE_137,34.21091,74.77693,Srinagar,True
SGR_ZONE_138,34.21091,74.80642,Srinagar,True
SGR_ZONE_139,34.21091,74.83591,Srinagar,True
SGR_ZONE_140,34.21091,74.8654,Srinagar,True
SGR_ZONE_141,34.21091,74.89488,Srinagar,True
SGR_ZONE_142,34.21091,74.92437,Srinagar,True
SGR_ZONE_143,34.21091,74.95386,Srinagar,True
SGR_ZONE_144,34.23645,74.7327,Srinagar,True
SGR_ZONE_145,34.23645,74.76219,Srinagar,True
SGR_ZONE_146,34.23645,74.79167,Srinagar,True
SGR_ZONE_147,34.23645,74.82116,Srinagar,True
SGR_ZONE_148,34.23645,74.85065,Srinagar,True
SGR_ZONE_149,34.23645,74.88014,Srinagar,True
SGR_ZONE_150,34.23645,74.90963,Srinagar,True
