zone_id,temperature,humidity,pressure,visibility,wind_speed,clouds,visibility_risk,vis_score,humidity_score,wind_score,cloud_score,temp_score,weather_risk_score
Z1,0.7363853979652902,0.328125,0.125,10000,0.8235294117647058,0.2395833333333333,1,0.1,0.328125,0.17647058823529416,0.2395833333333333,0.26361460203470977,0.19439454843876508
Z2,0.9386594853381208,0.203125,0.0625,10000,0.6428571428571429,0.2395833333333333,1,0.1,0.203125,0.3571428571428571,0.2395833333333333,0.061340514661879175,0.17626798003761646
Z3,0.9584081388390184,0.09375,0.0625,10000,0.2647058823529412,0.3125,1,0.1,0.09375,0.7352941176470589,0.3125,0.04159186116098157,0.220078303763157
Z4,0.9991023339317774,0.0,0.0,10000,0.319327731092437,0.4479166666666667,1,0.1,0.0,0.680672268907563,0.4479166666666667,0.0008976660682226134,0.20937810694295672
Z5,1.0,0.0,0.0,10000,0.8991596638655464,0.5104166666666666,1,0.1,0.0,0.10084033613445365,0.5104166666666666,0.0,0.13168855042016805
Z6,0.8153800119688809,0.0625,0.0,10000,1.0,0.4895833333333333,1,0.1,0.0625,0.0,0.4895833333333333,0.18461998803111912,0.1443994988031119
Z7,0.7917414721723519,0.203125,0.0625,10000,0.6974789915966386,0.4479166666666667,1,0.1,0.203125,0.3025210084033614,0.4479166666666667,0.2082585278276481,0.21401650404326902
Z8,0.544883303411131,0.28125,0.125,10000,0.4327731092436975,0.40625,1,0.1,0.28125,0.5672268907563025,0.40625,0.455116696588869,0.28778320327233226
Z9,0.3138839018551765,0.4375,0.1875,10000,0.31092436974789917,0.3020833333333333,1,0.1,0.4375,0.6890756302521008,0.3020833333333333,0.6861160981448235,0.34478545435229746
Z10,0.3883901855176541,0.53125,0.1875,10000,0.6050420168067226,0.17708333333333331,1,0.1,0.53125,0.39495798319327735,0.17708333333333331,0.6116098144823459,0.2932171789272262
Z11,0.49012567324955114,0.609375,0.25,10000,0.6890756302521008,0.10416666666666667,1,0.1,0.609375,0.31092436974789917,0.10416666666666667,0.5098743267504489,0.2751260881372298
Z12,0.6442250149611011,0.640625,0.25,10000,0.7394957983193277,0.11458333333333333,1,0.1,0.640625,0.26050420168067234,0.11458333333333333,0.3557749850388989,0.2599656287559908
Z13,0.3426092160383004,0.6875,0.3125,10000,0.8025210084033614,0.3020833333333333,1,0.1,0.6875,0.19747899159663862,0.3020833333333333,0.6573907839616996,0.31817342713566577
Z14,0.3584679832435667,0.71875,0.375,10000,0.8781512605042017,0.375,1,0.1,0.71875,0.12184873949579833,0.375,0.6415320167564333,0.3224305126000131
Z15,0.28485936564931175,0.796875,0.4375,10000,0.96218487394958,0.46875,1,0.1,0.796875,0.037815126050420034,0.46875,0.7151406343506883,0.34687383234263186
Z16,0.39198084979054454,0.859375,0.4375,10000,0.9747899159663864,0.4479166666666667,1,0.1,0.859375,0.025210084033613578,0.4479166666666667,0.6080191502094554,0.3436459276259876
Z17,0.3159784560143626,0.921875,0.5,10000,0.8739495798319328,0.4270833333333333,1,0.1,0.921875,0.12605042016806722,0.4270833333333333,0.6840215439856374,0.3757472174237738
Z18,0.24536205864751642,0.96875,0.5,10000,0.7857142857142858,0.3958333333333333,1,0.1,0.96875,0.2142857142857142,0.3958333333333333,0.7546379413524835,0.4007316512781055
Z19,0.3129862357869539,1.0,0.5625,10000,0.6470588235294118,0.49999999999999994,1,0.1,1.0,0.3529411764705882,0.49999999999999994,0.687013764213046,0.4366425528918928
Z20,0.310293237582286,1.0,0.5625,10000,0.634453781512605,0.5833333333333333,1,0.1,1.0,0.365546218487395,0.5833333333333333,0.689706762417714,0.4513026090148806
Z21,0.24566128067025733,0.984375,0.5625,10000,0.676470588235294,0.7395833333333333,1,0.1,0.984375,0.32352941176470595,0.7395833333333333,0.7543387193297426,0.47177578369768014
Z22,0.2710951526032316,0.96875,0.625,10000,0.7773109243697479,0.7916666666666666,1,0.1,0.96875,0.2226890756302521,0.7916666666666666,0.7289048473967684,0.4587938460842147
Z23,0.260622381807301,0.921875,0.6875,10000,0.7731092436974789,0.7916666666666666,1,0.1,0.921875,0.2268907563025211,0.7916666666666666,0.739377618192699,0.4510963752646481
Z24,0.379114302812687,0.859375,0.8125,10000,0.6680672268907563,0.6874999999999999,1,0.1,0.859375,0.33193277310924374,0.6874999999999999,0.620885697187313,0.4268784856851179
Z25,0.08497905445840809,0.75,0.9375,10000,0.39075630252100835,0.5416666666666666,1,0.1,0.75,0.6092436974789917,0.5416666666666666,0.9150209455415919,0.454138649176008
Z26,0.3096947935368043,0.6875,1.0,10000,0.25210084033613445,0.4583333333333333,1,0.1,0.6875,0.7478991596638656,0.4583333333333333,0.6903052064631957,0.42746539459589944
Z27,0.5194494314781568,0.640625,1.0,10000,0.27310924369747897,0.46875,1,0.1,0.640625,0.7268907563025211,0.46875,0.4805505685218432,0.3955261702975625
Z28,0.47606223818073007,0.625,1.0,10000,0.31092436974789917,0.5208333333333333,1,0.1,0.625,0.6890756302521008,0.5208333333333333,0.52393776181927,0.3988801207197421
Z29,0.0,0.609375,0.75,10000,0.36554621848739494,0.6874999999999999,1,0.1,0.609375,0.634453781512605,0.6874999999999999,1.0,0.46016806722689074
Z30,0.13913824057450624,0.59375,0.5625,10000,0.4117647058823529,0.8437499999999999,1,0.1,0.59375,0.5882352941176471,0.8437499999999999,0.8608617594254937,0.4596339700601964
Z31,0.2761819269898264,0.5625,0.375,10000,0.40756302521008403,0.9687499999999999,1,0.1,0.5625,0.592436974789916,0.9687499999999999,0.7238180730101735,0.4590598535195048
Z32,0.19958108916816275,0.53125,0.25,10000,0.36974789915966383,0.9999999999999999,1,0.1,0.53125,0.6302521008403361,0.9999999999999999,0.8004189108318372,0.47082970620923414
Z33,0.19748653500897662,0.515625,0.25,10000,0.39495798319327735,0.9583333333333333,1,0.1,0.515625,0.6050420168067226,0.9583333333333333,0.8025134649910234,0.4578826490201108
Z34,0.5335128665469778,0.484375,0.25,10000,0.45378151260504207,0.8541666666666666,1,0.1,0.484375,0.5462184873949579,0.8541666666666666,0.4664871334530222,0.39358148645454594
Z35,0.4772591262716936,0.46875,0.3125,10000,0.5042016806722689,0.8020833333333333,1,0.1,0.46875,0.4957983193277311,0.8020833333333333,0.5227408737283064,0.38070633527199027
Z36,0.21424296828246558,0.40625,0.3125,10000,0.5,0.7291666666666666,1,0.1,0.40625,0.5,0.7291666666666666,0.7857570317175344,0.3842007031717534
Z37,0.2444643925792938,0.328125,0.3125,10000,0.34873949579831937,0.6770833333333333,1,0.1,0.328125,0.6512605042016806,0.6770833333333333,0.7555356074207062,0.38043013637232276
Z38,0.07839616995810889,0.25,0.375,10000,0.4957983193277311,0.5937499999999999,1,0.1,0.25,0.5042016806722689,0.5937499999999999,0.9216038300418912,0.3468531351050294
Z39,0.08497905445840809,0.234375,0.375,10000,0.7478991596638654,0.4479166666666667,1,0.1,0.234375,0.25210084033613456,0.4479166666666667,0.9150209455415919,0.2833797206045794
Z40,0.15649311789347692,0.28125,0.375,10000,0.8739495798319328,0.2708333333333333,1,0.1,0.28125,0.12605042016806722,0.2708333333333333,0.843506882106523,0.2401332512358624
Z41,0.20077797725912627,0.34375,0.375,10000,0.8193277310924371,0.10416666666666667,1,0.1,0.34375,0.18067226890756294,0.10416666666666667,0.7992220227408737,0.23139804261022184
Z42,0.23219628964691796,0.421875,0.375,10000,0.6554621848739496,0.0,1,0.1,0.421875,0.3445378151260504,0.0,0.767803710353082,0.2528360433042158
Z43,0.2749850388988629,0.4375,0.375,10000,0.5882352941176471,0.010416666666666668,1,0.1,0.4375,0.4117647058823529,0.010416666666666668,0.7250149611011372,0.26332870199246666
Z44,0.2603231597845601,0.421875,0.375,10000,0.5630252100840336,0.16666666666666666,1,0.1,0.421875,0.4369747899159664,0.16666666666666666,0.7396768402154399,0.28888890250893895
Z45,0.007181328545780907,0.390625,0.375,10000,0.592436974789916,0.3229166666666667,1,0.1,0.390625,0.40756302521008403,0.3229166666666667,0.9928186714542191,0.32697882092693453
Z46,0.1529024536205864,0.34375,0.3125,10000,0.6092436974789915,0.4479166666666667,1,0.1,0.34375,0.39075630252100846,0.4479166666666667,0.8470975463794136,0.31926070001609264
Z47,0.2663076002393776,0.328125,0.3125,10000,0.5,0.40625,1,0.1,0.328125,0.5,0.40625,0.7336923997606224,0.3149317399760623
Z48,0.3357271095152603,0.328125,0.375,10000,0.2394957983193277,0.2708333333333333,1,0.1,0.328125,0.7605042016806722,0.2708333333333333,0.6642728904847397,0.3267529193005748
Z49,0.36026331538001194,0.3125,0.375,10000,0.0,0.20833333333333331,1,0.1,0.3125,1.0,0.20833333333333331,0.6397366846199881,0.3477236684619988
Z50,0.23907839616995807,0.328125,0.3125,10000,0.15966386554621848,0.3125,1,0.1,0.328125,0.8403361344537815,0.3125,0.7609216038300419,0.35464258055107145
